original,main
Accessories Store,Shop & Service
African Restaurant,Food & Drink
Airport,Travel & Transport
Airport Gate,Travel & Transport
Airport Lounge,Travel & Transport
Airport Terminal,Travel & Transport
American Restaurant,Food & Drink
Animal Shelter,Professional & Other Places
Antique Shop,Shop & Service
Aquarium,Arts & Entertainment
Arcade,Arts & Entertainment
Art Gallery,Arts & Entertainment
Art Museum,Arts & Entertainment
Arts & Crafts Store,Shop & Service
Arts & Entertainment,Arts & Entertainment
Asian Restaurant,Food & Drink
Assisted Living,Residence
Athletic & Sport,Outdoors & Recreation
Athletics & Sports,Outdoors & Recreation
Auditorium,Arts & Entertainment
Australian Restaurant,Food & Drink
Automotive Shop,Shop & Service
BBQ Joint,Food & Drink
Bagel Shop,Food & Drink
Bakery,Food & Drink
Bank,Shop & Service
Bar,Nightlife Spot
Baseball Field,Outdoors & Recreation
Baseball Stadium,Outdoors & Recreation
Basketball Court,Outdoors & Recreation
Basketball Stadium,Outdoors & Recreation
Beach,Outdoors & Recreation
Bed & Breakfast,Travel & Transport
Beer Garden,Nightlife Spot
Bike Rental / Bike Share,Travel & Transport
Bike Shop,Shop & Service
Board Shop,Shop & Service
Boarding House,Residence
Boat or Ferry,Travel & Transport
Bookstore,Shop & Service
Boutique,Shop & Service
Bowling Alley,Arts & Entertainment
Brazilian Restaurant,Food & Drink
Breakfast Spot,Food & Drink
Brewery,Food & Drink
Bridal Shop,Shop & Service
Bridge,Travel & Transport
Building,Professional & Other Places
Burger Joint,Food & Drink
Burrito Place,Food & Drink
Bus Line,Travel & Transport
Bus Station,Travel & Transport
Butcher,Shop & Service
Cafeteria,Food & Drink
Café,Food & Drink
Caféé,Food & Drink
Camera Store,Shop & Service
Campaign Office,Professional & Other Places
Campground,Outdoors & Recreation
Candy Store,Shop & Service
Capitol Building,Professional & Other Places
Car Dealership,Shop & Service
Car Wash,Shop & Service
Caribbean Restaurant,Food & Drink
Casino,Arts & Entertainment
Cemetery,Professional & Other Places
Cheese Shop,Shop & Service
Chinese Restaurant,Food & Drink
Church,Professional & Other Places
City,Professional & Other Places
City Hall,Professional & Other Places
Climbing Gym,Outdoors & Recreation
Clothing Store,Shop & Service
Cocktail Bar,Nightlife Spot
Coffee Shop,Food & Drink
College & University,College & Education
College Academic Building,College & Education
College Administrative Building,College & Education
College Arts Building,College & Education
College Auditorium,College & Education
College Bookstore,College & Education
College Cafeteria,College & Education
College Classroom,College & Education
College Communications Building,College & Education
College Engineering Building,College & Education
College Gym,College & Education
College History Building,College & Education
College Lab,College & Education
College Library,College & Education
College Math Building,College & Education
College Quad,College & Education
College Rec Center,College & Education
College Residence Hall,Residence
College Science Building,College & Education
College Stadium,College & Education
College Technology Building,College & Education
College Theater,College & Education
College Track,College & Education
Comedy Club,Arts & Entertainment
Community College,College & Education
Concert Hall,Arts & Entertainment
Conference Room,Professional & Other Places
Convenience Store,Shop & Service
Convention,Professional & Other Places
Convention Center,Professional & Other Places
Cosmetics Shop,Shop & Service
Courthouse,Professional & Other Places
Coworking Space,Professional & Other Places
Credit Union,Shop & Service
Cupcake Shop,Food & Drink
Dance Studio,Arts & Entertainment
Daycare,College & Education
Deli / Bodega,Food & Drink
Dentist's Office,Professional & Other Places
Department Store,Shop & Service
Design Studio,Professional & Other Places
Dessert Shop,Food & Drink
Dim Sum Restaurant,Food & Drink
Diner,Food & Drink
Dive Bar,Nightlife Spot
Doctor's Office,Professional & Other Places
Dog Run,Outdoors & Recreation
Donut Shop,Food & Drink
Drugstore / Pharmacy,Shop & Service
Dumpling Restaurant,Food & Drink
Eastern European Restaurant,Food & Drink
Electronics Store,Shop & Service
Elementary School,College & Education
Embassy / Consulate,Professional & Other Places
Emergency Room,Professional & Other Places
Event Space,Professional & Other Places
Factory,Professional & Other Places
Fair,Arts & Entertainment
Falafel Restaurant,Food & Drink
Farm,Outdoors & Recreation
Farmers Market,Shop & Service
Fast Food Restaurant,Food & Drink
Ferry,Travel & Transport
Festival,Arts & Entertainment
Field,Outdoors & Recreation
Financial or Legal Service,Professional & Other Places
Fire Station,Professional & Other Places
Fish & Chips Shop,Food & Drink
Fish Market,Shop & Service
Flea Market,Shop & Service
Flower Shop,Shop & Service
Food,Food & Drink
Food & Drink Shop,Shop & Service
Food Court,Food & Drink
Food Truck,Food & Drink
Football Stadium,Outdoors & Recreation
Fraternity House,Residence
French Restaurant,Food & Drink
Fried Chicken Joint,Food & Drink
Funeral Home,Professional & Other Places
Furniture / Home Store,Shop & Service
Gaming Cafe,Arts & Entertainment
Garden,Outdoors & Recreation
Garden Center,Shop & Service
Gas Station / Garage,Shop & Service
Gastropub,Nightlife Spot
Gay Bar,Nightlife Spot
General College & University,College & Education
General Entertainment,Arts & Entertainment
General Travel,Travel & Transport
German Restaurant,Food & Drink
Gift Shop,Shop & Service
Golf Course,Outdoors & Recreation
Gourmet Shop,Shop & Service
Government Building,Professional & Other Places
Greek Restaurant,Food & Drink
Grocery Store,Shop & Service
Gym,Outdoors & Recreation
Gym / Fitness Center,Outdoors & Recreation
Gym Pool,Outdoors & Recreation
Harbor / Marina,Travel & Transport
Hardware Store,Shop & Service
High School,College & Education
Hiking Trail,Outdoors & Recreation
Historic Site,Arts & Entertainment
History Museum,Arts & Entertainment
Hobby Shop,Shop & Service
Home (private),Residence
Hookah Bar,Nightlife Spot
Hospital,Professional & Other Places
Hostel,Travel & Transport
Hot Dog Joint,Food & Drink
Hot Spring,Outdoors & Recreation
Hotel,Travel & Transport
Hotel Bar,Nightlife Spot
Hotel Pool,Outdoors & Recreation
Housing Development,Residence
Ice Cream Shop,Food & Drink
Indian Restaurant,Food & Drink
Indie Movie Theater,Arts & Entertainment
Indie Theater,Arts & Entertainment
Indonesian Restaurant,Food & Drink
Internet Cafe,Shop & Service
Italian Restaurant,Food & Drink
Japanese Restaurant,Food & Drink
Jazz Club,Nightlife Spot
Jewelry Store,Shop & Service
Juice Bar,Food & Drink
Karaoke Bar,Nightlife Spot
Kids Store,Shop & Service
Korean Restaurant,Food & Drink
Lake,Outdoors & Recreation
Latin American Restaurant,Food & Drink
Laundry Service,Shop & Service
Law School,College & Education
Library,College & Education
Light Rail,Travel & Transport
Lingerie Store,Shop & Service
Liquor Store,Shop & Service
Lounge,Nightlife Spot
Malaysian Restaurant,Food & Drink
Mall,Shop & Service
Market,Shop & Service
Martial Arts Dojo,Outdoors & Recreation
Medical Center,Professional & Other Places
Medical School,College & Education
Mediterranean Restaurant,Food & Drink
Meeting Room,Professional & Other Places
Men's Store,Shop & Service
Mexican Restaurant,Food & Drink
Middle Eastern Restaurant,Food & Drink
Middle School,College & Education
Military Base,Professional & Other Places
Miscellaneous Shop,Shop & Service
Mobile Phone Shop,Shop & Service
Mongolian Restaurant,Food & Drink
Monument / Landmark,Arts & Entertainment
Mosque,Professional & Other Places
Motel,Travel & Transport
Mountain,Outdoors & Recreation
Movie Theater,Arts & Entertainment
Moving Target,Travel & Transport
Multiplex,Arts & Entertainment
Museum,Arts & Entertainment
Music Store,Shop & Service
Music Venue,Arts & Entertainment
Nail Salon,Shop & Service
Neighborhood,Residence
New American Restaurant,Food & Drink
Newsstand,Shop & Service
Nightclub,Nightlife Spot
Nightlife Spot,Nightlife Spot
Non-Profit,Professional & Other Places
Nursery School,College & Education
Office,Professional & Other Places
Opera House,Arts & Entertainment
Optical Shop,Shop & Service
Other Great Outdoors,Outdoors & Recreation
Other Nightlife,Nightlife Spot
Outdoors & Recreation,Outdoors & Recreation
Paella Restaurant,Food & Drink
Paintball Field,Outdoors & Recreation
Paper / Office Supplies Store,Shop & Service
Park,Outdoors & Recreation
Parking,Travel & Transport
Performing Arts Venue,Arts & Entertainment
Peruvian Restaurant,Food & Drink
Pet Service,Shop & Service
Pet Store,Shop & Service
Photography Lab,Shop & Service
Piano Bar,Nightlife Spot
Pier,Outdoors & Recreation
Pizza Place,Food & Drink
Plane,Travel & Transport
Planetarium,Arts & Entertainment
Platform,Travel & Transport
Playground,Outdoors & Recreation
Plaza,Outdoors & Recreation
Police Station,Professional & Other Places
Pool,Outdoors & Recreation
Pool Hall,Arts & Entertainment
Portuguese Restaurant,Food & Drink
Post Office,Professional & Other Places
Professional & Other Places,Professional & Other Places
Pub,Nightlife Spot
Public Art,Arts & Entertainment
Racetrack,Arts & Entertainment
Radio Station,Professional & Other Places
Ramen /  Noodle House,Food & Drink
Ramen / Noodle House,Food & Drink
Real Estate Office,Professional & Other Places
Record Shop,Shop & Service
Recycling Facility,Professional & Other Places
Rental Car Location,Travel & Transport
Residential Building (Apartment / Condo),Residence
Resort,Travel & Transport
Rest Area,Travel & Transport
Restaurant,Food & Drink
River,Outdoors & Recreation
Road,Travel & Transport
Rock Climbing Spot,Outdoors & Recreation
Rock Club,Nightlife Spot
Sake Bar,Nightlife Spot
Salad Place,Food & Drink
Salon / Barbershop,Shop & Service
Sandwich Place,Food & Drink
Scandinavian Restaurant,Food & Drink
Scenic Lookout,Outdoors & Recreation
School,College & Education
Science Museum,Arts & Entertainment
Sculpture Garden,Arts & Entertainment
Seafood Restaurant,Food & Drink
Shoe Store,Shop & Service
Shop & Service,Shop & Service
Shrine,Professional & Other Places
Skate Park,Outdoors & Recreation
Skating Rink,Outdoors & Recreation
Smoke Shop,Shop & Service
Snack Place,Food & Drink
Soccer Field,Outdoors & Recreation
Soccer Stadium,Outdoors & Recreation
Sorority House,Residence
Soup Place,Food & Drink
South American Restaurant,Food & Drink
Spa / Massage,Shop & Service
Spanish Restaurant,Food & Drink
Speakeasy,Nightlife Spot
Spiritual Center,Professional & Other Places
Sporting Goods Shop,Shop & Service
Sports Bar,Nightlife Spot
Stable,Outdoors & Recreation
Stables,Outdoors & Recreation
Stadium,Outdoors & Recreation
Steakhouse,Food & Drink
Storage Facility,Professional & Other Places
Strip Club,Nightlife Spot
Student Center,College & Education
Subway,Travel & Transport
Sushi Restaurant,Food & Drink
Synagogue,Professional & Other Places
Taco Place,Food & Drink
Tailor Shop,Shop & Service
Tanning Salon,Shop & Service
Tapas Restaurant,Food & Drink
Taxi,Travel & Transport
Tea Room,Food & Drink
Tech Startup,Professional & Other Places
Temple,Professional & Other Places
Tennis Court,Outdoors & Recreation
Thai Restaurant,Food & Drink
Theater,Arts & Entertainment
Theme Park,Arts & Entertainment
Theme Park Ride / Attraction,Arts & Entertainment
Thrift / Vintage Store,Shop & Service
Tourist Information Center,Travel & Transport
Toy / Game Store,Shop & Service
Track,Outdoors & Recreation
Track Stadium,Outdoors & Recreation
Trade School,College & Education
Train,Travel & Transport
Train Station,Travel & Transport
Travel & Transport,Travel & Transport
Travel Agency,Travel & Transport
Travel Lounge,Travel & Transport
Turkish Restaurant,Food & Drink
University,College & Education
Vegetarian / Vegan Restaurant,Food & Drink
Veterinarian,Professional & Other Places
Video Game Store,Shop & Service
Video Store,Shop & Service
Vietnamese Restaurant,Food & Drink
Vineyard,Outdoors & Recreation
Water Park,Arts & Entertainment
Well,Professional & Other Places
Whisky Bar,Nightlife Spot
Wine Bar,Nightlife Spot
Wine Shop,Shop & Service
Winery,Food & Drink
Wings Joint,Food & Drink
Women's Store,Shop & Service
Yoga Studio,Outdoors & Recreation
Yogurt,Food & Drink
Zoo,Arts & Entertainment